<?xml version="1.0" encoding="UTF-8"?>
<project-private xmlns="http://www.netbeans.org/ns/project-private/1">
    <editor-bookmarks xmlns="http://www.netbeans.org/ns/editor-bookmarks/2" lastBookmarkId="0"/>
    <open-files xmlns="http://www.netbeans.org/ns/projectui-open-files/2">
        <group>
            <file>file:/C:/Users/rosed/OneDrive/Documents/NetBeansProjects/DjanFinalMotorPH2.1/src/loginandregister/CreateEmployeeDashboard.java</file>
            <file>file:/C:/Users/rosed/OneDrive/Documents/NetBeansProjects/DjanFinalMotorPH2.1/src/loginandregister/SalaryDeduction.java</file>
            <file>file:/C:/Users/rosed/OneDrive/Documents/NetBeansProjects/DjanFinalMotorPH2.1/src/loginandregister/EmployeeCSVReader.java</file>
            <file>file:/C:/Users/rosed/OneDrive/Documents/NetBeansProjects/DjanFinalMotorPH2.1/src/loginandregister/Registration.java</file>
            <file>file:/C:/Users/rosed/OneDrive/Documents/NetBeansProjects/DjanFinalMotorPH2.1/src/loginandregister/LeaveRequestForm.java</file>
            <file>file:/C:/Users/rosed/OneDrive/Documents/NetBeansProjects/DjanFinalMotorPH2.1/src/loginandregister/EmployeeGetSet.java</file>
            <file>file:/C:/Users/rosed/OneDrive/Documents/NetBeansProjects/DjanFinalMotorPH2.1/src/loginandregister/Login.java</file>
            <file>file:/C:/Users/rosed/OneDrive/Documents/NetBeansProjects/DjanFinalMotorPH2.1/src/loginandregister/LeaveManagementDashboard.java</file>
            <file>file:/C:/Users/rosed/OneDrive/Documents/NetBeansProjects/DjanFinalMotorPH2.1/src/loginandregister/EmployeeDashboard.java</file>
            <file>file:/C:/Users/rosed/OneDrive/Documents/NetBeansProjects/DjanFinalMotorPH2.1/src/loginandregister/AdminPage.java</file>
            <file>file:/C:/Users/rosed/OneDrive/Documents/NetBeansProjects/DjanFinalMotorPH2.1/src/loginandregister/UserAccount.java</file>
        </group>
    </open-files>
</project-private>
